-- phpMyAdmin SQL Dump
-- version 4.9.1
-- https://www.phpmyadmin.net/
--
-- Хост: localhost
-- Время создания: Сен 29 2019 г., 07:37
-- Версия сервера: 8.0.17
-- Версия PHP: 7.1.23

SET SQL_MODE = "NO_AUTO_VALUE_ON_ZERO";
SET AUTOCOMMIT = 0;
START TRANSACTION;
SET time_zone = "+00:00";


/*!40101 SET @OLD_CHARACTER_SET_CLIENT=@@CHARACTER_SET_CLIENT */;
/*!40101 SET @OLD_CHARACTER_SET_RESULTS=@@CHARACTER_SET_RESULTS */;
/*!40101 SET @OLD_COLLATION_CONNECTION=@@COLLATION_CONNECTION */;
/*!40101 SET NAMES utf8mb4 */;

--
-- База данных: `PC`
--

-- --------------------------------------------------------

--
-- Структура таблицы `city`
--

CREATE TABLE `city` (
  `city_id` int(11) NOT NULL,
  `name` text COLLATE utf8_unicode_ci NOT NULL,
  `center_lat` float NOT NULL,
  `center_long` float NOT NULL
) ENGINE=InnoDB DEFAULT CHARSET=utf8 COLLATE=utf8_unicode_ci;

--
-- Дамп данных таблицы `city`
--

INSERT INTO `city` (`city_id`, `name`, `center_lat`, `center_long`) VALUES
(1, 'Москва', 55.753, 37.619),
(2, 'Волгоград', 48.7071, 44.5169),
(3, 'Балашиха', 55.7963, 37.9382),
(4, 'Сургут', 61.254, 73.3962),
(5, 'Видное', 55.5569, 37.7088),
(6, 'Сочи', 43.5855, 39.7231),
(7, 'Тюмень', 57.153, 65.5343),
(8, 'Воронеж', 51.6608, 39.2003),
(9, 'Смоленск', 54.7826, 32.0452),
(10, 'Ярославль', 57.6266, 39.8939),
(11, 'Новосибирск', 55.0302, 82.9204),
(12, 'Красноярск', 56.0106, 92.8526),
(13, 'Екатеринбург', 56.838, 60.5975),
(14, 'Иркутск', 52.2871, 104.281),
(15, 'Томск', 56.4846, 84.9476),
(16, 'Барнаул', 53.3468, 83.7769),
(17, 'Благовещенск', 50.2906, 127.527),
(18, 'Саратов', 51.5331, 46.0342),
(19, 'Киров', 58.6036, 49.668),
(20, 'Курск', 51.7304, 36.1926);

-- --------------------------------------------------------

--
-- Структура таблицы `neonataldeath`
--

CREATE TABLE `neonataldeath` (
  `id_neonataldeath` int(11) NOT NULL,
  `region` text COLLATE utf8_unicode_ci NOT NULL,
  `region_id` int(11) NOT NULL,
  `1990` int(11) NOT NULL,
  `2000` float NOT NULL,
  `2001` float NOT NULL,
  `2002` float NOT NULL,
  `2003` float NOT NULL,
  `2004` float NOT NULL,
  `2005` float NOT NULL,
  `2006` float NOT NULL,
  `2007` float NOT NULL,
  `2008` float NOT NULL,
  `2009` float NOT NULL,
  `2010` float NOT NULL,
  `2011` float NOT NULL,
  `2012` float NOT NULL,
  `2013` float NOT NULL,
  `2014` float NOT NULL,
  `2015` float NOT NULL,
  `2016` float NOT NULL,
  `2017` float NOT NULL,
  `2018` float NOT NULL
) ENGINE=InnoDB DEFAULT CHARSET=utf8 COLLATE=utf8_unicode_ci;

--
-- Дамп данных таблицы `neonataldeath`
--

INSERT INTO `neonataldeath` (`id_neonataldeath`, `region`, `region_id`, `1990`, `2000`, `2001`, `2002`, `2003`, `2004`, `2005`, `2006`, `2007`, `2008`, `2009`, `2010`, `2011`, `2012`, `2013`, `2014`, `2015`, `2016`, `2017`, `2018`) VALUES
(1, 'Российская Федерация', 168, 17, 15.3, 14.6, 13.3, 12.4, 11.6, 11, 10.2, 9.4, 8.5, 8.1, 7.5, 7.4, 8.7, 8.2, 7.4, 6.5, 6, 5.5, 5.1),
(3, 'Центральный федеральный округ', 0, 16, 13.6, 13.6, 12.4, 11.6, 10.5, 10, 8.8, 7.8, 7.3, 7.3, 6.6, 6.5, 7.8, 7.6, 6.5, 6, 5.6, 5.1, 4.7),
(4, 'Белгородская область', 31, 17, 13.1, 14.1, 12, 9.4, 8.8, 8.7, 8.6, 4.9, 6.4, 5.2, 5.1, 5, 7.1, 6.5, 5.7, 6.3, 6.2, 5, 4.9),
(5, 'Брянская область', 0, 17, 15.9, 15.8, 14.3, 13, 12.3, 12, 7.8, 8.7, 7.6, 7.4, 7.7, 9.2, 8.8, 9.1, 9.1, 7.9, 7.7, 8.2, 4),
(6, 'Владимирская область', 3, 15, 14.5, 14.6, 13.1, 9.3, 10, 9.3, 7.8, 7.1, 9.4, 7.1, 7, 6, 7.9, 7.3, 7, 6.7, 6.2, 5.7, 4.9),
(7, 'Воронежская область', 4, 14, 13.3, 13.3, 10.8, 10.9, 10.3, 10.4, 8.2, 8.2, 8, 7.8, 7.1, 6.1, 6.5, 7.5, 5.6, 4.9, 4.9, 4.7, 4.7),
(8, 'Ивановская область', 5, 17, 16.8, 16.8, 15.7, 12.5, 10.8, 10.7, 9.1, 7.8, 6.6, 8, 6.7, 8.2, 6, 7.1, 6.2, 5.5, 5.9, 3.5, 3.4),
(9, 'Калужская область', 6, 16, 16.2, 15, 13.6, 11.8, 10.5, 9.9, 10.8, 8.7, 7.4, 7.6, 7, 6.8, 10.2, 9.2, 7.5, 8.7, 6.8, 4.5, 4.7),
(10, 'Костромская область', 7, 18, 13.8, 14.5, 14.2, 13.4, 10.9, 12.5, 14.5, 8.8, 10.7, 10.4, 6.4, 7.4, 7.8, 8.8, 8.9, 7, 7.6, 7.1, 5.7),
(11, 'Курская область', 8, 18, 16.4, 14.7, 15.8, 12.5, 14, 12.2, 9.9, 10, 9.6, 8.7, 7.9, 7.7, 7.5, 8.5, 6.3, 4.7, 6, 5.6, 5.2),
(12, 'Липецкая область', 9, 15, 14.7, 13.1, 10.3, 10.5, 7.5, 9.3, 8.1, 7.9, 7, 6.6, 6, 7.3, 8.5, 7.6, 8, 7.4, 7.4, 3.4, 3.5),
(13, 'Московская область', 10, 15, 13.3, 12.1, 11.6, 11.5, 10.4, 9.8, 8.6, 8, 7.5, 7.4, 6.7, 6.1, 7.4, 7, 6.9, 4.9, 4.5, 4.1, 4.1),
(14, 'Орловская область', 12, 14, 13, 14.8, 10.7, 11.1, 11.3, 10, 10.1, 7.6, 6.3, 6.4, 7.2, 7.7, 10.4, 8.7, 7.7, 9.1, 6.5, 5.8, 5.1),
(15, 'Рязанская область', 13, 16, 14.8, 13.8, 12.9, 13.3, 11.7, 10.9, 11.3, 10.6, 8.9, 8.9, 8.3, 7.3, 9.8, 9, 6.3, 6.2, 4.5, 4.5, 4.8),
(16, 'Смоленская область', 13, 13, 15.1, 16.9, 14, 11.5, 12, 14.7, 10.3, 9.7, 8, 8.2, 5.5, 7.2, 9.6, 8.9, 6.6, 7.7, 6.5, 5.4, 6.6),
(17, 'Тамбовская область', 15, 17, 13.5, 15.7, 11.7, 11.7, 10.9, 8.7, 9.7, 6, 4.8, 6.1, 4.2, 4.2, 4.3, 5.5, 4.5, 3.7, 3.8, 2.4, 3.7),
(18, 'Тверская область', 16, 19, 17, 16.3, 14.7, 13.5, 11.8, 13.4, 10.5, 9.8, 7.6, 9.1, 7.8, 8.4, 9.8, 10, 6.5, 6.6, 7.3, 4.5, 4.7),
(19, 'Тульская область', 17, 15, 19.5, 16.6, 13.3, 12.1, 11.7, 10.9, 8.9, 9.4, 7.4, 7.6, 7.1, 5.5, 6.6, 7.7, 6.8, 6.8, 6.5, 6.8, 4.7),
(20, 'Ярославская область', 18, 15, 12.1, 13.2, 12.9, 10.9, 10.3, 7.5, 8.2, 6.8, 6.7, 6.1, 6.9, 5.8, 8.3, 7.8, 5.5, 6, 5.2, 6.1, 3.2),
(21, 'Москва', 11, 17, 10.9, 11.9, 11.6, 11.5, 9.9, 9, 7.9, 6.9, 6.3, 6.7, 6.1, 6.2, 7.9, 7.3, 6.1, 6, 5.7, 5.7, 5.3),
(22, 'Северо-Западный федеральный округ', 0, 16, 12.8, 12.8, 11, 10.4, 9.4, 9.4, 7.7, 7.2, 6.7, 6.2, 5.6, 5.4, 6.2, 6.2, 5.8, 5.3, 4.8, 4.6, 4.2),
(23, 'Республика Карелия', 22, 14, 14.4, 12.9, 10, 8.1, 9.7, 9.6, 7.6, 7.2, 5.8, 5, 4.9, 5.6, 7.6, 6.5, 6.7, 5.7, 6.9, 6.7, 5.6),
(24, 'Республика Коми', 23, 17, 13, 9.4, 10.9, 9.4, 8.6, 8.7, 7, 7.6, 6.6, 5.1, 5, 4.4, 6, 5.8, 5.2, 4.4, 5.6, 4.2, 4.5),
(25, 'Архангельская область', 19, 14, 14.1, 15.9, 12.6, 12.4, 10.1, 12.6, 10.2, 10.7, 8.9, 7.8, 6.8, 6.9, 7.2, 7.7, 6.7, 6.1, 5.6, 6, 4.8),
(26, 'Ненецкий автономный округ', 26, 28, 24.4, 20.1, 18.2, 29.3, 9.9, 16.6, 15.2, 17, 7.4, 5.8, 5.7, 10.5, 2.9, 6.9, 5.6, 5.3, 1.3, 7.4, 1.7),
(27, 'Вологодская область', 36, 18, 16, 17.3, 13.8, 12.6, 10.9, 11.6, 8.6, 9, 7.7, 7.8, 7.4, 6.5, 5.7, 10.1, 7.7, 5.8, 6.6, 6.3, 5.1),
(28, 'Калининградская область', 21, 17, 19.6, 16.4, 16, 14.9, 13, 11.3, 7.1, 7.6, 5.8, 7.1, 4.5, 4.5, 6.2, 6.3, 8.1, 6.1, 4.5, 4.5, 4.4),
(29, 'Ленинградская область', 24, 14, 10.3, 10.8, 11.8, 9.3, 9, 9.8, 7.9, 7.6, 7.9, 5.5, 6.1, 5.4, 6.7, 5.8, 6.8, 6, 4.2, 4.6, 3.2),
(30, 'Мурманская область', 25, 16, 12.5, 14.7, 12.3, 8.9, 11, 11.2, 10.3, 9.5, 9.3, 7.3, 5.3, 8.6, 8.4, 6.3, 6.3, 5.8, 3.9, 5.4, 5.1),
(31, 'Новгородская область', 27, 18, 14, 12.7, 12.3, 12.8, 10.3, 9.7, 11.4, 8, 9.7, 7.7, 7.2, 7.7, 10, 8.4, 7.2, 6, 4.4, 5.8, 4.4),
(32, 'Псковская область', 28, 15, 15.1, 18.7, 15.8, 16.4, 13.5, 12.8, 13.2, 8.6, 8.3, 9.4, 7.9, 6.1, 4.6, 7.7, 6.4, 7.7, 7.6, 5.3, 3.6),
(33, 'Санкт-Петербург', 29, 18, 9.5, 9.2, 6.8, 8, 7.1, 6, 4.7, 4.3, 4.5, 4.7, 4.7, 4.3, 4, 4.4, 4.3, 4.4, 3.9, 3.6, 3.8),
(34, 'Южный федеральный округ', 0, 17, 16, 14.9, 12.8, 12.2, 12.2, 11.4, 10.6, 10, 9.1, 7.9, 7.1, 7.1, 8.3, 7.9, 7.2, 6.2, 5.6, 5.1, 4.8),
(35, 'Краснодарский край', 34, 18, 13.3, 13, 10.8, 9.5, 10.1, 8.6, 8.2, 7.7, 7.1, 5.9, 5.2, 6.1, 6.6, 5.9, 5.6, 5.4, 5, 4.3, 4.9),
(36, 'Астраханская область', 31, 16, 16.6, 16.3, 13.7, 12.6, 13, 13.1, 10.7, 9.8, 8.4, 8.2, 7.7, 7.2, 9.4, 8.7, 9.7, 8, 5.8, 5.8, 6),
(37, 'Волгоградская область', 32, 15, 17.4, 17, 13.4, 14.7, 14.5, 11.3, 11.2, 10.9, 12, 9.8, 9.8, 9.1, 11.1, 9.8, 8.1, 6.4, 6.6, 4.2, 4.9),
(38, 'Ростовская область', 37, 18, 18.2, 16.4, 15, 14.2, 13.6, 14.9, 13.2, 12.5, 10.1, 9.1, 7.6, 7.6, 9, 9.6, 7.9, 6.6, 4.8, 6.5, 5.1),
(39, 'Северо-Кавказский федеральный округ', 0, 20, 18.2, 16.7, 16.5, 13.3, 13.8, 13, 14.8, 13.5, 12.4, 12.7, 12, 13, 14.7, 12.3, 11.9, 10.3, 9.2, 8, 6.8),
(40, 'Республика Дагестан', 38, 20, 18.5, 17.8, 17.9, 14.5, 16.1, 13.6, 14.8, 14.7, 13, 14.9, 14.3, 15.3, 15.5, 12.7, 12.2, 12, 10.1, 8.7, 8.3),
(41, 'Республика Ингушетия', 39, 0, 33, 25.6, 30.2, 27.1, 24.4, 25.7, 31.4, 19, 15, 11.6, 12.8, 13.1, 11.6, 13.8, 14.7, 11.2, 10.4, 7.3, 6),
(42, 'Кабардино-Балкарская Республика', 40, 19, 14.2, 15.2, 14.4, 14.9, 14.6, 14.5, 16.1, 11.4, 5.8, 6.4, 6, 5.7, 8.5, 6.8, 6.6, 6.8, 6.7, 4.5, 4.9),
(43, 'Карачаево-Черкесская Республика', 41, 16, 29.7, 18.3, 13.9, 12.8, 9.9, 9.8, 10.7, 9.2, 8.7, 9, 10.4, 8.1, 10, 10.3, 8.4, 8.4, 8.9, 6.9, 6.8),
(44, 'Республика Северная Осетия - Алания', 42, 13, 11.7, 10.8, 12.6, 10.6, 9.5, 8.9, 9.8, 10.4, 9.6, 8.8, 7.5, 9.4, 11.5, 10.1, 10.3, 9.4, 7.1, 5.4, 4.1),
(45, 'Чеченская Республика', 44, 29, 11.7, 10.8, 12.6, 7.1, 12.4, 12.4, 16.7, 17.5, 17, 16.6, 15.1, 17.7, 21.9, 17.3, 15.5, 11.7, 10.2, 9.2, 6.6),
(46, 'Ставропольский край', 43, 17, 13.8, 14, 12.9, 11.5, 11.1, 11.2, 10.1, 8.6, 9.7, 9.7, 8.3, 8.7, 11.4, 9.6, 10.5, 8.1, 8.4, 8, 6.3),
(47, 'Приволжский федеральный округ', 0, 17, 14.4, 13.6, 12.6, 12.2, 11, 10.5, 9.9, 8.9, 7.9, 7.2, 6.8, 6.3, 7.7, 7.5, 7.2, 6.1, 5.6, 5.3, 4.7),
(48, 'Республика Башкортостан', 45, 16, 14.5, 12.3, 12.7, 12.5, 10.6, 12, 10.9, 9.8, 9.4, 7, 6.9, 6.7, 7.9, 7.6, 7.7, 7.3, 6, 6.8, 5.2),
(49, 'Республика Марий Эл', 0, 16, 12.4, 12.8, 13.9, 10.8, 13.3, 9.4, 11.1, 7.8, 7.6, 7.2, 6.5, 5.9, 8.5, 7.3, 8.1, 7.6, 5.2, 4.3, 5.7),
(50, 'Республика Мордовия', 0, 16, 9.4, 10.6, 8.8, 10.6, 10.2, 9.1, 6.8, 5.9, 5.9, 6.6, 6.3, 5.2, 8.1, 7.4, 6, 4.3, 4.4, 5, 3.3),
(51, 'Республика Татарстан', 0, 17, 14.8, 12.6, 11.9, 10.8, 11.2, 8, 8.2, 7.8, 6, 5.9, 5.6, 5, 6.5, 7, 6.5, 6, 5.3, 5.1, 4.5),
(52, 'Российская Федерация', 0, 17, 15.3, 14.6, 13.3, 12.4, 11.6, 11, 10.2, 9.4, 8.5, 8.1, 7.5, 7.4, 8.7, 8.2, 7.4, 6.5, 6, 5.5, 5.1),
(53, 'Центральный федеральный округ', 0, 16, 13.6, 13.6, 12.4, 11.6, 10.5, 10, 8.8, 7.8, 7.3, 7.3, 6.6, 6.5, 7.8, 7.6, 6.5, 6, 5.6, 5.1, 4.7),
(54, 'Белгородская область', 0, 17, 13.1, 14.1, 12, 9.4, 8.8, 8.7, 8.6, 4.9, 6.4, 5.2, 5.1, 5, 7.1, 6.5, 5.7, 6.3, 6.2, 5, 4.9),
(55, 'Брянская область', 0, 17, 15.9, 15.8, 14.3, 13, 12.3, 12, 7.8, 8.7, 7.6, 7.4, 7.7, 9.2, 8.8, 9.1, 9.1, 7.9, 7.7, 8.2, 4),
(56, 'Владимирская область', 0, 15, 14.5, 14.6, 13.1, 9.3, 10, 9.3, 7.8, 7.1, 9.4, 7.1, 7, 6, 7.9, 7.3, 7, 6.7, 6.2, 5.7, 4.9),
(57, 'Воронежская область', 0, 14, 13.3, 13.3, 10.8, 10.9, 10.3, 10.4, 8.2, 8.2, 8, 7.8, 7.1, 6.1, 6.5, 7.5, 5.6, 4.9, 4.9, 4.7, 4.7),
(58, 'Ивановская область', 0, 17, 16.8, 16.8, 15.7, 12.5, 10.8, 10.7, 9.1, 7.8, 6.6, 8, 6.7, 8.2, 6, 7.1, 6.2, 5.5, 5.9, 3.5, 3.4),
(59, 'Калужская область', 0, 16, 16.2, 15, 13.6, 11.8, 10.5, 9.9, 10.8, 8.7, 7.4, 7.6, 7, 6.8, 10.2, 9.2, 7.5, 8.7, 6.8, 4.5, 4.7),
(60, 'Костромская область', 0, 18, 13.8, 14.5, 14.2, 13.4, 10.9, 12.5, 14.5, 8.8, 10.7, 10.4, 6.4, 7.4, 7.8, 8.8, 8.9, 7, 7.6, 7.1, 5.7),
(61, 'Курская область', 0, 18, 16.4, 14.7, 15.8, 12.5, 14, 12.2, 9.9, 10, 9.6, 8.7, 7.9, 7.7, 7.5, 8.5, 6.3, 4.7, 6, 5.6, 5.2),
(62, 'Липецкая область', 0, 15, 14.7, 13.1, 10.3, 10.5, 7.5, 9.3, 8.1, 7.9, 7, 6.6, 6, 7.3, 8.5, 7.6, 8, 7.4, 7.4, 3.4, 3.5),
(63, 'Московская область', 0, 15, 13.3, 12.1, 11.6, 11.5, 10.4, 9.8, 8.6, 8, 7.5, 7.4, 6.7, 6.1, 7.4, 7, 6.9, 4.9, 4.5, 4.1, 4.1),
(64, 'Орловская область', 0, 14, 13, 14.8, 10.7, 11.1, 11.3, 10, 10.1, 7.6, 6.3, 6.4, 7.2, 7.7, 10.4, 8.7, 7.7, 9.1, 6.5, 5.8, 5.1),
(65, 'Рязанская область', 0, 16, 14.8, 13.8, 12.9, 13.3, 11.7, 10.9, 11.3, 10.6, 8.9, 8.9, 8.3, 7.3, 9.8, 9, 6.3, 6.2, 4.5, 4.5, 4.8),
(66, 'Смоленская область', 0, 13, 15.1, 16.9, 14, 11.5, 12, 14.7, 10.3, 9.7, 8, 8.2, 5.5, 7.2, 9.6, 8.9, 6.6, 7.7, 6.5, 5.4, 6.6),
(67, 'Тамбовская область', 0, 17, 13.5, 15.7, 11.7, 11.7, 10.9, 8.7, 9.7, 6, 4.8, 6.1, 4.2, 4.2, 4.3, 5.5, 4.5, 3.7, 3.8, 2.4, 3.7),
(68, 'Тверская область', 0, 19, 17, 16.3, 14.7, 13.5, 11.8, 13.4, 10.5, 9.8, 7.6, 9.1, 7.8, 8.4, 9.8, 10, 6.5, 6.6, 7.3, 4.5, 4.7),
(69, 'Тульская область', 0, 15, 19.5, 16.6, 13.3, 12.1, 11.7, 10.9, 8.9, 9.4, 7.4, 7.6, 7.1, 5.5, 6.6, 7.7, 6.8, 6.8, 6.5, 6.8, 4.7),
(70, 'Ярославская область', 0, 15, 12.1, 13.2, 12.9, 10.9, 10.3, 7.5, 8.2, 6.8, 6.7, 6.1, 6.9, 5.8, 8.3, 7.8, 5.5, 6, 5.2, 6.1, 3.2),
(71, 'Москва', 0, 17, 10.9, 11.9, 11.6, 11.5, 9.9, 9, 7.9, 6.9, 6.3, 6.7, 6.1, 6.2, 7.9, 7.3, 6.1, 6, 5.7, 5.7, 5.3),
(72, 'Северо-Западный федеральный округ', 0, 16, 12.8, 12.8, 11, 10.4, 9.4, 9.4, 7.7, 7.2, 6.7, 6.2, 5.6, 5.4, 6.2, 6.2, 5.8, 5.3, 4.8, 4.6, 4.2),
(73, 'Республика Карелия', 0, 14, 14.4, 12.9, 10, 8.1, 9.7, 9.6, 7.6, 7.2, 5.8, 5, 4.9, 5.6, 7.6, 6.5, 6.7, 5.7, 6.9, 6.7, 5.6),
(74, 'Республика Коми', 0, 17, 13, 9.4, 10.9, 9.4, 8.6, 8.7, 7, 7.6, 6.6, 5.1, 5, 4.4, 6, 5.8, 5.2, 4.4, 5.6, 4.2, 4.5),
(75, 'Архангельская область', 0, 14, 14.1, 15.9, 12.6, 12.4, 10.1, 12.6, 10.2, 10.7, 8.9, 7.8, 6.8, 6.9, 7.2, 7.7, 6.7, 6.1, 5.6, 6, 4.8),
(76, 'Ненецкий автономный округ', 0, 28, 24.4, 20.1, 18.2, 29.3, 9.9, 16.6, 15.2, 17, 7.4, 5.8, 5.7, 10.5, 2.9, 6.9, 5.6, 5.3, 1.3, 7.4, 1.7),
(77, 'Вологодская область', 0, 18, 16, 17.3, 13.8, 12.6, 10.9, 11.6, 8.6, 9, 7.7, 7.8, 7.4, 6.5, 5.7, 10.1, 7.7, 5.8, 6.6, 6.3, 5.1),
(78, 'Калининградская область', 0, 17, 19.6, 16.4, 16, 14.9, 13, 11.3, 7.1, 7.6, 5.8, 7.1, 4.5, 4.5, 6.2, 6.3, 8.1, 6.1, 4.5, 4.5, 4.4),
(79, 'Ленинградская область', 0, 14, 10.3, 10.8, 11.8, 9.3, 9, 9.8, 7.9, 7.6, 7.9, 5.5, 6.1, 5.4, 6.7, 5.8, 6.8, 6, 4.2, 4.6, 3.2),
(80, 'Мурманская область', 0, 16, 12.5, 14.7, 12.3, 8.9, 11, 11.2, 10.3, 9.5, 9.3, 7.3, 5.3, 8.6, 8.4, 6.3, 6.3, 5.8, 3.9, 5.4, 5.1),
(81, 'Новгородская область', 0, 18, 14, 12.7, 12.3, 12.8, 10.3, 9.7, 11.4, 8, 9.7, 7.7, 7.2, 7.7, 10, 8.4, 7.2, 6, 4.4, 5.8, 4.4),
(82, 'Псковская область', 0, 15, 15.1, 18.7, 15.8, 16.4, 13.5, 12.8, 13.2, 8.6, 8.3, 9.4, 7.9, 6.1, 4.6, 7.7, 6.4, 7.7, 7.6, 5.3, 3.6),
(83, 'Санкт-Петербург', 0, 18, 9.5, 9.2, 6.8, 8, 7.1, 6, 4.7, 4.3, 4.5, 4.7, 4.7, 4.3, 4, 4.4, 4.3, 4.4, 3.9, 3.6, 3.8),
(84, 'Южный федеральный округ', 0, 17, 16, 14.9, 12.8, 12.2, 12.2, 11.4, 10.6, 10, 9.1, 7.9, 7.1, 7.1, 8.3, 7.9, 7.2, 6.2, 5.6, 5.1, 4.8),
(85, 'Краснодарский край', 0, 18, 13.3, 13, 10.8, 9.5, 10.1, 8.6, 8.2, 7.7, 7.1, 5.9, 5.2, 6.1, 6.6, 5.9, 5.6, 5.4, 5, 4.3, 4.9),
(86, 'Астраханская область', 0, 16, 16.6, 16.3, 13.7, 12.6, 13, 13.1, 10.7, 9.8, 8.4, 8.2, 7.7, 7.2, 9.4, 8.7, 9.7, 8, 5.8, 5.8, 6),
(87, 'Волгоградская область', 0, 15, 17.4, 17, 13.4, 14.7, 14.5, 11.3, 11.2, 10.9, 12, 9.8, 9.8, 9.1, 11.1, 9.8, 8.1, 6.4, 6.6, 4.2, 4.9),
(88, 'Ростовская область', 0, 18, 18.2, 16.4, 15, 14.2, 13.6, 14.9, 13.2, 12.5, 10.1, 9.1, 7.6, 7.6, 9, 9.6, 7.9, 6.6, 4.8, 6.5, 5.1),
(89, 'Северо-Кавказский федеральный округ', 0, 20, 18.2, 16.7, 16.5, 13.3, 13.8, 13, 14.8, 13.5, 12.4, 12.7, 12, 13, 14.7, 12.3, 11.9, 10.3, 9.2, 8, 6.8),
(90, 'Республика Дагестан', 0, 20, 18.5, 17.8, 17.9, 14.5, 16.1, 13.6, 14.8, 14.7, 13, 14.9, 14.3, 15.3, 15.5, 12.7, 12.2, 12, 10.1, 8.7, 8.3),
(91, 'Республика Ингушетия', 0, 0, 33, 25.6, 30.2, 27.1, 24.4, 25.7, 31.4, 19, 15, 11.6, 12.8, 13.1, 11.6, 13.8, 14.7, 11.2, 10.4, 7.3, 6),
(92, 'Кабардино-Балкарская Республика', 0, 19, 14.2, 15.2, 14.4, 14.9, 14.6, 14.5, 16.1, 11.4, 5.8, 6.4, 6, 5.7, 8.5, 6.8, 6.6, 6.8, 6.7, 4.5, 4.9),
(93, 'Карачаево-Черкесская Республика', 0, 16, 29.7, 18.3, 13.9, 12.8, 9.9, 9.8, 10.7, 9.2, 8.7, 9, 10.4, 8.1, 10, 10.3, 8.4, 8.4, 8.9, 6.9, 6.8),
(94, 'Республика Северная Осетия - Алания', 0, 13, 11.7, 10.8, 12.6, 10.6, 9.5, 8.9, 9.8, 10.4, 9.6, 8.8, 7.5, 9.4, 11.5, 10.1, 10.3, 9.4, 7.1, 5.4, 4.1),
(95, 'Чеченская Республика', 0, 29, 11.7, 10.8, 12.6, 7.1, 12.4, 12.4, 16.7, 17.5, 17, 16.6, 15.1, 17.7, 21.9, 17.3, 15.5, 11.7, 10.2, 9.2, 6.6),
(96, 'Ставропольский край', 0, 17, 13.8, 14, 12.9, 11.5, 11.1, 11.2, 10.1, 8.6, 9.7, 9.7, 8.3, 8.7, 11.4, 9.6, 10.5, 8.1, 8.4, 8, 6.3),
(97, 'Приволжский федеральный округ', 0, 17, 14.4, 13.6, 12.6, 12.2, 11, 10.5, 9.9, 8.9, 7.9, 7.2, 6.8, 6.3, 7.7, 7.5, 7.2, 6.1, 5.6, 5.3, 4.7),
(98, 'Республика Башкортостан', 0, 16, 14.5, 12.3, 12.7, 12.5, 10.6, 12, 10.9, 9.8, 9.4, 7, 6.9, 6.7, 7.9, 7.6, 7.7, 7.3, 6, 6.8, 5.2),
(99, 'Республика Марий Эл', 0, 16, 12.4, 12.8, 13.9, 10.8, 13.3, 9.4, 11.1, 7.8, 7.6, 7.2, 6.5, 5.9, 8.5, 7.3, 8.1, 7.6, 5.2, 4.3, 5.7),
(100, 'Республика Мордовия', 0, 16, 9.4, 10.6, 8.8, 10.6, 10.2, 9.1, 6.8, 5.9, 5.9, 6.6, 6.3, 5.2, 8.1, 7.4, 6, 4.3, 4.4, 5, 3.3),
(101, 'Республика Татарстан', 0, 17, 14.8, 12.6, 11.9, 10.8, 11.2, 8, 8.2, 7.8, 6, 5.9, 5.6, 5, 6.5, 7, 6.5, 6, 5.3, 5.1, 4.5),
(102, 'Удмуртская Республика', 0, 15, 13.8, 13.9, 14.2, 13.1, 12.1, 11.6, 10.8, 7.9, 8.7, 7.7, 6.6, 5.8, 8.5, 8.1, 8.2, 5.6, 5.3, 4.6, 4.4),
(103, 'Чувашская Республика', 0, 14, 12.9, 14.2, 11.4, 8.8, 9.3, 7.8, 9.1, 6.5, 5.9, 6.7, 5.4, 3.5, 5.3, 4.8, 4.4, 3.3, 3.2, 3.3, 3.8),
(104, 'Пермский край', 0, 17, 16.1, 14.2, 13.9, 13.9, 11.9, 11.1, 11.6, 11.3, 10.1, 8.5, 8.1, 7.4, 8.5, 8.4, 7.5, 5.9, 5.7, 5.2, 4.1),
(105, 'Кировская область', 0, 17, 14, 16.8, 14, 13.2, 12.4, 9.4, 9.9, 9.8, 7.5, 6.6, 7.6, 6.4, 7.1, 5.6, 4.5, 4.2, 5, 4.1, 4.5),
(106, 'Нижегородская область', 0, 16, 15.8, 13.7, 13.6, 13.5, 11.9, 12.6, 11.5, 9.7, 8.3, 8.6, 7.9, 7, 8.9, 8.4, 7.8, 6.8, 6.4, 5.2, 5.7),
(107, 'Оренбургская область', 0, 17, 15.1, 14.2, 12.6, 12.7, 11.2, 13, 9.9, 9.1, 8.4, 7.3, 7.1, 7.8, 9.7, 9.9, 9.7, 6.9, 6.4, 7.6, 5.4),
(108, 'Пензенская область', 0, 17, 12.1, 15.4, 14.2, 15.1, 12.7, 12.2, 10.6, 10.4, 7.9, 6.1, 7.8, 5.7, 7.2, 5.3, 5.7, 4.3, 5.6, 4.1, 4),
(109, 'Ульяновская область', 0, 19, 16.3, 15.8, 15, 12.2, 10.9, 12.9, 10.1, 9.2, 9.6, 7.8, 6.4, 7.6, 6.9, 8.5, 8.1, 6.5, 6.8, 5.1, 5.2),
(110, 'Российская Федерация', 0, 17, 15.3, 14.6, 13.3, 12.4, 11.6, 11, 10.2, 9.4, 8.5, 8.1, 7.5, 7.4, 8.7, 8.2, 7.4, 6.5, 6, 5.5, 5.1),
(111, 'Центральный федеральный округ', 0, 16, 13.6, 13.6, 12.4, 11.6, 10.5, 10, 8.8, 7.8, 7.3, 7.3, 6.6, 6.5, 7.8, 7.6, 6.5, 6, 5.6, 5.1, 4.7),
(112, 'Белгородская область', 0, 17, 13.1, 14.1, 12, 9.4, 8.8, 8.7, 8.6, 4.9, 6.4, 5.2, 5.1, 5, 7.1, 6.5, 5.7, 6.3, 6.2, 5, 4.9),
(113, 'Брянская область', 0, 17, 15.9, 15.8, 14.3, 13, 12.3, 12, 7.8, 8.7, 7.6, 7.4, 7.7, 9.2, 8.8, 9.1, 9.1, 7.9, 7.7, 8.2, 4),
(114, 'Владимирская область', 0, 15, 14.5, 14.6, 13.1, 9.3, 10, 9.3, 7.8, 7.1, 9.4, 7.1, 7, 6, 7.9, 7.3, 7, 6.7, 6.2, 5.7, 4.9),
(115, 'Воронежская область', 0, 14, 13.3, 13.3, 10.8, 10.9, 10.3, 10.4, 8.2, 8.2, 8, 7.8, 7.1, 6.1, 6.5, 7.5, 5.6, 4.9, 4.9, 4.7, 4.7),
(116, 'Ивановская область', 0, 17, 16.8, 16.8, 15.7, 12.5, 10.8, 10.7, 9.1, 7.8, 6.6, 8, 6.7, 8.2, 6, 7.1, 6.2, 5.5, 5.9, 3.5, 3.4),
(117, 'Калужская область', 0, 16, 16.2, 15, 13.6, 11.8, 10.5, 9.9, 10.8, 8.7, 7.4, 7.6, 7, 6.8, 10.2, 9.2, 7.5, 8.7, 6.8, 4.5, 4.7),
(118, 'Костромская область', 0, 18, 13.8, 14.5, 14.2, 13.4, 10.9, 12.5, 14.5, 8.8, 10.7, 10.4, 6.4, 7.4, 7.8, 8.8, 8.9, 7, 7.6, 7.1, 5.7),
(119, 'Курская область', 0, 18, 16.4, 14.7, 15.8, 12.5, 14, 12.2, 9.9, 10, 9.6, 8.7, 7.9, 7.7, 7.5, 8.5, 6.3, 4.7, 6, 5.6, 5.2),
(120, 'Липецкая область', 0, 15, 14.7, 13.1, 10.3, 10.5, 7.5, 9.3, 8.1, 7.9, 7, 6.6, 6, 7.3, 8.5, 7.6, 8, 7.4, 7.4, 3.4, 3.5),
(121, 'Московская область', 0, 15, 13.3, 12.1, 11.6, 11.5, 10.4, 9.8, 8.6, 8, 7.5, 7.4, 6.7, 6.1, 7.4, 7, 6.9, 4.9, 4.5, 4.1, 4.1),
(122, 'Орловская область', 0, 14, 13, 14.8, 10.7, 11.1, 11.3, 10, 10.1, 7.6, 6.3, 6.4, 7.2, 7.7, 10.4, 8.7, 7.7, 9.1, 6.5, 5.8, 5.1),
(123, 'Рязанская область', 0, 16, 14.8, 13.8, 12.9, 13.3, 11.7, 10.9, 11.3, 10.6, 8.9, 8.9, 8.3, 7.3, 9.8, 9, 6.3, 6.2, 4.5, 4.5, 4.8),
(124, 'Смоленская область', 0, 13, 15.1, 16.9, 14, 11.5, 12, 14.7, 10.3, 9.7, 8, 8.2, 5.5, 7.2, 9.6, 8.9, 6.6, 7.7, 6.5, 5.4, 6.6),
(125, 'Тамбовская область', 0, 17, 13.5, 15.7, 11.7, 11.7, 10.9, 8.7, 9.7, 6, 4.8, 6.1, 4.2, 4.2, 4.3, 5.5, 4.5, 3.7, 3.8, 2.4, 3.7),
(126, 'Тверская область', 0, 19, 17, 16.3, 14.7, 13.5, 11.8, 13.4, 10.5, 9.8, 7.6, 9.1, 7.8, 8.4, 9.8, 10, 6.5, 6.6, 7.3, 4.5, 4.7),
(127, 'Тульская область', 0, 15, 19.5, 16.6, 13.3, 12.1, 11.7, 10.9, 8.9, 9.4, 7.4, 7.6, 7.1, 5.5, 6.6, 7.7, 6.8, 6.8, 6.5, 6.8, 4.7),
(128, 'Ярославская область', 0, 15, 12.1, 13.2, 12.9, 10.9, 10.3, 7.5, 8.2, 6.8, 6.7, 6.1, 6.9, 5.8, 8.3, 7.8, 5.5, 6, 5.2, 6.1, 3.2),
(129, 'Москва', 0, 17, 10.9, 11.9, 11.6, 11.5, 9.9, 9, 7.9, 6.9, 6.3, 6.7, 6.1, 6.2, 7.9, 7.3, 6.1, 6, 5.7, 5.7, 5.3),
(130, 'Северо-Западный федеральный округ', 0, 16, 12.8, 12.8, 11, 10.4, 9.4, 9.4, 7.7, 7.2, 6.7, 6.2, 5.6, 5.4, 6.2, 6.2, 5.8, 5.3, 4.8, 4.6, 4.2),
(131, 'Республика Карелия', 0, 14, 14.4, 12.9, 10, 8.1, 9.7, 9.6, 7.6, 7.2, 5.8, 5, 4.9, 5.6, 7.6, 6.5, 6.7, 5.7, 6.9, 6.7, 5.6),
(132, 'Республика Коми', 0, 17, 13, 9.4, 10.9, 9.4, 8.6, 8.7, 7, 7.6, 6.6, 5.1, 5, 4.4, 6, 5.8, 5.2, 4.4, 5.6, 4.2, 4.5),
(133, 'Архангельская область', 0, 14, 14.1, 15.9, 12.6, 12.4, 10.1, 12.6, 10.2, 10.7, 8.9, 7.8, 6.8, 6.9, 7.2, 7.7, 6.7, 6.1, 5.6, 6, 4.8),
(134, 'Ненецкий автономный округ', 0, 28, 24.4, 20.1, 18.2, 29.3, 9.9, 16.6, 15.2, 17, 7.4, 5.8, 5.7, 10.5, 2.9, 6.9, 5.6, 5.3, 1.3, 7.4, 1.7),
(135, 'Вологодская область', 0, 18, 16, 17.3, 13.8, 12.6, 10.9, 11.6, 8.6, 9, 7.7, 7.8, 7.4, 6.5, 5.7, 10.1, 7.7, 5.8, 6.6, 6.3, 5.1),
(136, 'Калининградская область', 0, 17, 19.6, 16.4, 16, 14.9, 13, 11.3, 7.1, 7.6, 5.8, 7.1, 4.5, 4.5, 6.2, 6.3, 8.1, 6.1, 4.5, 4.5, 4.4),
(137, 'Ленинградская область', 0, 14, 10.3, 10.8, 11.8, 9.3, 9, 9.8, 7.9, 7.6, 7.9, 5.5, 6.1, 5.4, 6.7, 5.8, 6.8, 6, 4.2, 4.6, 3.2),
(138, 'Мурманская область', 0, 16, 12.5, 14.7, 12.3, 8.9, 11, 11.2, 10.3, 9.5, 9.3, 7.3, 5.3, 8.6, 8.4, 6.3, 6.3, 5.8, 3.9, 5.4, 5.1),
(139, 'Новгородская область', 0, 18, 14, 12.7, 12.3, 12.8, 10.3, 9.7, 11.4, 8, 9.7, 7.7, 7.2, 7.7, 10, 8.4, 7.2, 6, 4.4, 5.8, 4.4),
(140, 'Псковская область', 0, 15, 15.1, 18.7, 15.8, 16.4, 13.5, 12.8, 13.2, 8.6, 8.3, 9.4, 7.9, 6.1, 4.6, 7.7, 6.4, 7.7, 7.6, 5.3, 3.6),
(141, 'Санкт-Петербург', 0, 18, 9.5, 9.2, 6.8, 8, 7.1, 6, 4.7, 4.3, 4.5, 4.7, 4.7, 4.3, 4, 4.4, 4.3, 4.4, 3.9, 3.6, 3.8),
(142, 'Южный федеральный округ', 0, 17, 16, 14.9, 12.8, 12.2, 12.2, 11.4, 10.6, 10, 9.1, 7.9, 7.1, 7.1, 8.3, 7.9, 7.2, 6.2, 5.6, 5.1, 4.8),
(143, 'Краснодарский край', 0, 18, 13.3, 13, 10.8, 9.5, 10.1, 8.6, 8.2, 7.7, 7.1, 5.9, 5.2, 6.1, 6.6, 5.9, 5.6, 5.4, 5, 4.3, 4.9),
(144, 'Астраханская область', 0, 16, 16.6, 16.3, 13.7, 12.6, 13, 13.1, 10.7, 9.8, 8.4, 8.2, 7.7, 7.2, 9.4, 8.7, 9.7, 8, 5.8, 5.8, 6),
(145, 'Волгоградская область', 0, 15, 17.4, 17, 13.4, 14.7, 14.5, 11.3, 11.2, 10.9, 12, 9.8, 9.8, 9.1, 11.1, 9.8, 8.1, 6.4, 6.6, 4.2, 4.9),
(146, 'Ростовская область', 0, 18, 18.2, 16.4, 15, 14.2, 13.6, 14.9, 13.2, 12.5, 10.1, 9.1, 7.6, 7.6, 9, 9.6, 7.9, 6.6, 4.8, 6.5, 5.1),
(147, 'Северо-Кавказский федеральный округ', 0, 20, 18.2, 16.7, 16.5, 13.3, 13.8, 13, 14.8, 13.5, 12.4, 12.7, 12, 13, 14.7, 12.3, 11.9, 10.3, 9.2, 8, 6.8),
(148, 'Республика Дагестан', 0, 20, 18.5, 17.8, 17.9, 14.5, 16.1, 13.6, 14.8, 14.7, 13, 14.9, 14.3, 15.3, 15.5, 12.7, 12.2, 12, 10.1, 8.7, 8.3),
(149, 'Республика Ингушетия', 0, 0, 33, 25.6, 30.2, 27.1, 24.4, 25.7, 31.4, 19, 15, 11.6, 12.8, 13.1, 11.6, 13.8, 14.7, 11.2, 10.4, 7.3, 6),
(150, 'Кабардино-Балкарская Республика', 0, 19, 14.2, 15.2, 14.4, 14.9, 14.6, 14.5, 16.1, 11.4, 5.8, 6.4, 6, 5.7, 8.5, 6.8, 6.6, 6.8, 6.7, 4.5, 4.9),
(151, 'Карачаево-Черкесская Республика', 0, 16, 29.7, 18.3, 13.9, 12.8, 9.9, 9.8, 10.7, 9.2, 8.7, 9, 10.4, 8.1, 10, 10.3, 8.4, 8.4, 8.9, 6.9, 6.8),
(152, 'Республика Северная Осетия - Алания', 0, 13, 11.7, 10.8, 12.6, 10.6, 9.5, 8.9, 9.8, 10.4, 9.6, 8.8, 7.5, 9.4, 11.5, 10.1, 10.3, 9.4, 7.1, 5.4, 4.1),
(153, 'Чеченская Республика', 0, 29, 11.7, 10.8, 12.6, 7.1, 12.4, 12.4, 16.7, 17.5, 17, 16.6, 15.1, 17.7, 21.9, 17.3, 15.5, 11.7, 10.2, 9.2, 6.6),
(154, 'Ставропольский край', 0, 17, 13.8, 14, 12.9, 11.5, 11.1, 11.2, 10.1, 8.6, 9.7, 9.7, 8.3, 8.7, 11.4, 9.6, 10.5, 8.1, 8.4, 8, 6.3),
(155, 'Приволжский федеральный округ', 0, 17, 14.4, 13.6, 12.6, 12.2, 11, 10.5, 9.9, 8.9, 7.9, 7.2, 6.8, 6.3, 7.7, 7.5, 7.2, 6.1, 5.6, 5.3, 4.7),
(156, 'Республика Башкортостан', 0, 16, 14.5, 12.3, 12.7, 12.5, 10.6, 12, 10.9, 9.8, 9.4, 7, 6.9, 6.7, 7.9, 7.6, 7.7, 7.3, 6, 6.8, 5.2),
(157, 'Республика Марий Эл', 0, 16, 12.4, 12.8, 13.9, 10.8, 13.3, 9.4, 11.1, 7.8, 7.6, 7.2, 6.5, 5.9, 8.5, 7.3, 8.1, 7.6, 5.2, 4.3, 5.7),
(158, 'Республика Мордовия', 0, 16, 9.4, 10.6, 8.8, 10.6, 10.2, 9.1, 6.8, 5.9, 5.9, 6.6, 6.3, 5.2, 8.1, 7.4, 6, 4.3, 4.4, 5, 3.3),
(159, 'Республика Татарстан', 0, 17, 14.8, 12.6, 11.9, 10.8, 11.2, 8, 8.2, 7.8, 6, 5.9, 5.6, 5, 6.5, 7, 6.5, 6, 5.3, 5.1, 4.5),
(160, 'Удмуртская Республика', 0, 15, 13.8, 13.9, 14.2, 13.1, 12.1, 11.6, 10.8, 7.9, 8.7, 7.7, 6.6, 5.8, 8.5, 8.1, 8.2, 5.6, 5.3, 4.6, 4.4),
(161, 'Чувашская Республика', 0, 14, 12.9, 14.2, 11.4, 8.8, 9.3, 7.8, 9.1, 6.5, 5.9, 6.7, 5.4, 3.5, 5.3, 4.8, 4.4, 3.3, 3.2, 3.3, 3.8),
(162, 'Пермский край', 0, 17, 16.1, 14.2, 13.9, 13.9, 11.9, 11.1, 11.6, 11.3, 10.1, 8.5, 8.1, 7.4, 8.5, 8.4, 7.5, 5.9, 5.7, 5.2, 4.1),
(163, 'Кировская область', 0, 17, 14, 16.8, 14, 13.2, 12.4, 9.4, 9.9, 9.8, 7.5, 6.6, 7.6, 6.4, 7.1, 5.6, 4.5, 4.2, 5, 4.1, 4.5),
(164, 'Нижегородская область', 0, 16, 15.8, 13.7, 13.6, 13.5, 11.9, 12.6, 11.5, 9.7, 8.3, 8.6, 7.9, 7, 8.9, 8.4, 7.8, 6.8, 6.4, 5.2, 5.7),
(165, 'Оренбургская область', 0, 17, 15.1, 14.2, 12.6, 12.7, 11.2, 13, 9.9, 9.1, 8.4, 7.3, 7.1, 7.8, 9.7, 9.9, 9.7, 6.9, 6.4, 7.6, 5.4),
(166, 'Пензенская область', 0, 17, 12.1, 15.4, 14.2, 15.1, 12.7, 12.2, 10.6, 10.4, 7.9, 6.1, 7.8, 5.7, 7.2, 5.3, 5.7, 4.3, 5.6, 4.1, 4),
(167, 'Ульяновская область', 0, 19, 16.3, 15.8, 15, 12.2, 10.9, 12.9, 10.1, 9.2, 9.6, 7.8, 6.4, 7.6, 6.9, 8.5, 8.1, 6.5, 6.8, 5.1, 5.2),
(168, 'Уральский федеральный округ', 0, 17, 15.4, 13.5, 12.4, 11.7, 11.1, 10, 9.1, 8.3, 7.9, 7.1, 6.7, 6.6, 7.7, 7.4, 6.4, 5.8, 5.5, 5.1, 4.6),
(169, 'Курганская область', 0, 19, 19.9, 17.1, 15.3, 14.5, 14.5, 12.1, 14.2, 12, 10.1, 10.5, 8.7, 9.4, 8.8, 8.5, 8.8, 5.8, 6.5, 4.6, 6.5),
(170, 'Свердловская область', 0, 16, 15, 12.6, 11.6, 12.2, 10.4, 10.4, 8.7, 7.8, 7.6, 6.4, 6.1, 5.8, 7.3, 6.9, 6.3, 5.5, 5.8, 4.8, 4.6),
(171, 'Тюменская область', 0, 18, 13.3, 11.8, 10.4, 9.6, 9.7, 8.5, 8.4, 7.4, 7.1, 6.1, 6.2, 6.1, 6.7, 6.8, 5.6, 5.7, 4.6, 4.7, 3.7),
(172, 'Ханты-Мансийский автономный округ - Югра', 0, 17, 10.2, 9.3, 8.8, 7.8, 6.9, 7.3, 7.5, 5.6, 5.2, 4, 4.3, 5.2, 4.7, 5.5, 4.5, 4.9, 4.1, 4.6, 2.8),
(173, 'Ямало-Ненецкий автономный округ', 0, 20, 14.4, 15.6, 14, 12.7, 13.4, 11.2, 13, 13.3, 11.4, 10.7, 12.2, 10.7, 10.7, 10.4, 8.6, 7.1, 5.4, 6.5, 5.6),
(174, 'Челябинская область', 0, 17, 16.5, 15.5, 14.3, 12.7, 12.5, 10.8, 9.1, 9.1, 8.7, 8.4, 7.6, 7.6, 9, 7, 5.7, 6.1, 4.9, 4.1, 4.1),
(175, 'Сибирский федеральный округ', 0, 19, 17.6, 17.1, 15.6, 13.9, 12.9, 12.3, 11.4, 10.5, 9.1, 9.1, 8.4, 7.8, 9.4, 8.4, 7, 7, 6.6, 6.3, 6.1),
(176, 'Республика Алтай', 0, 31, 23.6, 19.9, 22.4, 24, 17.7, 14.3, 15.3, 14.1, 11.4, 9.5, 9.5, 11, 12.5, 8.5, 7.8, 9.9, 10.2, 9.6, 7.5),
(177, 'Республика Бурятия', 0, 20, 17.8, 18.8, 16.3, 14.3, 13.7, 12.8, 12.5, 11.4, 8.6, 9, 7.2, 8.1, 7.9, 12.9, 9.4, 7, 6.5, 8.8, 9.4),
(178, 'Республика Тыва', 0, 33, 30, 28, 27.8, 27.6, 20.4, 19.3, 15.1, 16.3, 13.2, 16.1, 13, 13.5, 17.8, 8.8, 6.3, 14.6, 11.3, 5.1, 4.3),
(179, 'Республика Хакасия', 0, 19, 23.8, 20.6, 20.9, 18.4, 15.7, 17.5, 15.6, 13.5, 11.5, 8.2, 8.5, 9.5, 13.2, 17.5, 14.9, 8.9, 8.6, 6.9, 7.3),
(180, 'Алтайский край', 0, 15, 15.2, 13.6, 13.5, 11.3, 12.5, 11.5, 11.2, 10.2, 9.1, 9, 9.4, 7.7, 10.2, 9.9, 8.5, 7.6, 7.2, 6.2, 5.5),
(181, 'Забайкальский край', 0, 20, 18.4, 21.5, 16.9, 16.3, 13.1, 10.3, 10.2, 8.5, 8.7, 6.6, 7.4, 6.4, 7.3, 9, 8.5, 7.7, 6, 7, 7.1),
(182, 'Красноярский край', 0, 21, 21.7, 20.4, 16.6, 14.1, 13.1, 13.9, 12.9, 12, 9.7, 10.4, 9.2, 7.8, 9.7, 8.8, 7.3, 6.3, 6, 6.9, 5.1),
(183, 'Иркутская область', 0, 20, 16.1, 17.3, 15.4, 13.7, 12.6, 12.5, 11.8, 10.7, 9.4, 10.1, 9.8, 9, 9.7, 8.2, 8.4, 7, 6.2, 4.9, 4.9),
(184, 'Кемеровская область', 0, 20, 16.5, 15.2, 13.8, 11.8, 11.8, 11.7, 10.3, 9.4, 8.7, 8.4, 8.3, 7.4, 8.9, 9.9, 8.8, 6.7, 7.2, 6.8, 6.7),
(185, 'Новосибирская область', 0, 19, 15.2, 14.8, 14, 11.9, 12.1, 10.8, 9.6, 8.6, 7.8, 8.5, 7.4, 7.2, 8.3, 7.3, 7.1, 6.1, 6.1, 4.4, 5.1),
(186, 'Омская область', 0, 17, 13.3, 13.5, 13.2, 11.9, 11.3, 9.9, 8.8, 9.1, 7.8, 7, 6.5, 5.9, 8, 6.9, 6.8, 6.8, 6.3, 5.8, 5.4),
(187, 'Томская область', 0, 18, 19.5, 16.7, 17.9, 17.2, 13.8, 13.2, 13.8, 11.1, 10.9, 10.4, 6.5, 7.1, 8.8, 7.4, 7.2, 4.8, 4.8, 6.3, 5.9),
(188, 'Дальневосточный федеральный округ', 0, 19, 18.6, 18.1, 15.5, 15.9, 14.4, 13.5, 12.5, 12.1, 10.8, 10.5, 9.6, 9.1, 10.8, 7, 4.9, 7.6, 6.5, 5.3, 5.4),
(189, 'Республика Саха (Якутия)', 0, 20, 17.6, 17.5, 15.2, 13.2, 13.5, 10.6, 10.6, 10.4, 9.1, 8.9, 7.2, 6.3, 9.6, 11, 9.1, 7.9, 7, 5.7, 7.1),
(190, 'Камчатский край', 0, 17, 16, 15.3, 14.1, 14.3, 13, 10.3, 12.2, 8.7, 7.5, 11.8, 9.4, 10, 11.3, 9.5, 7.9, 9.4, 9, 5.9, 5.7),
(191, 'Приморский край', 0, 18, 19.1, 16.1, 13, 17.7, 13.1, 13.1, 10.7, 11.4, 10.3, 10.6, 9.6, 9.7, 10.4, 10.3, 10.4, 7.8, 6.6, 6.2, 4.9),
(192, 'Хабаровский край', 0, 19, 17.3, 18.3, 16.2, 15.6, 14.6, 13, 12.3, 11.9, 11.7, 10.3, 10.5, 10.5, 11.3, 11.7, 9.3, 6.4, 5.9, 5.8, 5),
(193, 'Амурская область', 0, 20, 23.8, 23.2, 18.9, 17.2, 17, 18.7, 17.4, 16.3, 15.7, 13, 12.8, 10.7, 13.8, 12.4, 9.5, 7.7, 5.2, 4.8, 5.1),
(194, 'Магаданская область', 0, 17, 15.1, 11.4, 15.1, 11.9, 11.8, 12, 14.2, 14.2, 10, 10.8, 9.3, 7.2, 8, 10.1, 9.2, 5.1, 3.7, 3.7, 3.4),
(195, 'Сахалинская область', 0, 17, 15.1, 17.1, 14.7, 12.5, 13.8, 14.4, 12.9, 8.9, 8.1, 7.2, 5.9, 4.4, 6.1, 8.9, 6.5, 6.2, 3.6, 4.7, 2.8),
(196, 'Еврейская автономная область', 0, 24, 20.2, 19.6, 19.9, 22.3, 21.6, 15.6, 14.3, 21.4, 11.7, 15, 10.4, 14.1, 15.5, 6, 6.2, 12.8, 16.2, 10.6, 9.5),
(197, 'Чукотский автономный округ', 0, 19, 23.4, 42.1, 32.2, 28, 20.9, 17.6, 23.2, 17.6, 9.2, 12.6, 21.8, 13.1, 22.3, 18.9, 15.3, 17.5, 16.4, 10.5, 11.1);

-- --------------------------------------------------------

--
-- Структура таблицы `pc`
--

CREATE TABLE `pc` (
  `pc_id` int(11) NOT NULL,
  `name` text COLLATE utf8_unicode_ci NOT NULL,
  `coords` text COLLATE utf8_unicode_ci NOT NULL,
  `city_id` int(11) NOT NULL
) ENGINE=InnoDB DEFAULT CHARSET=utf8 COLLATE=utf8_unicode_ci;

--
-- Дамп данных таблицы `pc`
--

INSERT INTO `pc` (`pc_id`, `name`, `coords`, `city_id`) VALUES
(1, 'Волгоградский областной клинический перинатальный центр №2', '48.643030, 44.416812', 2),
(2, 'Московский областной перинатальный центр', '55.792501, 37.922581', 3),
(3, 'Сургутский клинический перинатальный центр', '61.267063, 73.364075', 4),
(4, 'Видновский перинатальный центр', '55.553374, 37.731582', 5),
(5, 'Перинатальный центр Городской больницы №9', '43.596027, 39.739796', 6),
(6, 'ГБУЗ ТО Перинатальный центр', '57.155211, 65.554306', 7),
(7, 'Перинатальный центр Воронежской областной клинической больницы №1', '51.741284, 39.175638', 8),
(8, 'ОГБУЗ Перинатальный центр Родовое отделение', '54.769232, 32.050147', 9),
(9, 'ГБУЗ ЯО Областной перинатальный центр', '57.680997, 39.818645', 10),
(10, 'Новосибирский городской клинический перинатальный центр', '55.037438, 82.986966', 11),
(11, 'Красноярский краевой клинический центр охраны материнства и детства', '55.994058, 92.778947', 12),
(12, 'Перинатальный центр Областной детской клинической больницы №1', '56.807582, 60.537594', 13),
(13, 'Иркутский городской перинатальный центр', '52.288628, 104.272235', 14),
(14, 'Перинатальный центр Городской клинической больницы №24', '55.799801, 37.569586', 1),
(15, 'Областной Перинатальный центр им. И.Д. Евтушенко', '56.522822, 85.055998', 15),
(16, 'Перинатальный центр Алтайского края', '53.374929, 83.680347', 16),
(17, 'Перинатальный центр Амурской областной клинической больницы', '50.307580, 127.503021', 17),
(18, 'Перинатальный центр Саратовской городской клинической больницы №8', '51.578125, 45.955057', 18),
(19, 'Кировский областной клинический перинатальный центр', '58.603372, 49.602460', 19),
(20, 'Областной перинатальный центр', '51.714375, 36.137006', 20);

-- --------------------------------------------------------

--
-- Структура таблицы `regions`
--

CREATE TABLE `regions` (
  `region_id` int(11) NOT NULL,
  `code_ya` text COLLATE utf8_unicode_ci NOT NULL,
  `name` text COLLATE utf8_unicode_ci NOT NULL,
  `code_region` int(11) NOT NULL
) ENGINE=InnoDB DEFAULT CHARSET=utf8 COLLATE=utf8_unicode_ci;

--
-- Дамп данных таблицы `regions`
--

INSERT INTO `regions` (`region_id`, `code_ya`, `name`, `code_region`) VALUES
(1, 'RU-BEL', 'Белгородская область', 31),
(3, 'RU-VLA', 'Владимирская область', 33),
(4, 'RU-VOR', 'Воронежская область', 36),
(5, 'RU-IVA', 'Ивановская область', 37),
(6, 'RU-KLU', 'Калужская область', 40),
(7, 'RU-KOS', 'Костромская область', 44),
(8, 'RU-KRS', 'Курская область', 46),
(9, 'RU-LIP', 'Липецкая область', 48),
(10, 'RU-MOS', 'Московская область', 50),
(11, 'RU-MOW', 'Москва', 77),
(12, 'RU-ORL', 'Орловская область', 57),
(13, 'RU-RYA', 'Рязанская область', 69),
(14, 'RU-SMO', 'Смоленская область', 67),
(15, 'RU-TAM', 'Тамбовская область', 68),
(16, 'RU-TVE', 'Тверская область', 69),
(17, 'RU-TUL', 'Тульская область', 71),
(18, 'RU-YAR', 'Ярославская область', 76),
(19, 'RU-ARK', 'Архангельская область', 29),
(20, 'RU-VLG', 'Вологодская область', 35),
(21, 'RU-KGD', 'Калининградская область', 39),
(22, 'RU-KR', 'Республика Карелия', 10),
(23, 'RU-KO', 'Республика Коми', 11),
(24, 'RU-LEN', 'Ленинградская область', 47),
(25, 'RU-MUR', 'Мурманская область', 51),
(26, 'RU-NEN', 'Ненецкий АО', 83),
(27, 'RU-NGR', 'Новгородская область', 53),
(28, 'RU-PSK', 'Псковская область', 60),
(29, 'RU-SPE', 'Питер', 178),
(30, 'RU-AD', 'Республика Адыгея', 1),
(31, 'RU-AST', 'Астраханская область', 30),
(32, 'RU-VGG', 'Волгоградская область', 34),
(33, 'RU-KL', 'Ресупублика Калмыкия', 8),
(34, 'RU-KDA', 'Краснодарский край', 23),
(35, 'RU-SEV', 'Севастополь', 92),
(36, 'RU-KRY', 'Республика Крым', 82),
(37, 'RU-ROS', 'Ростовская область', 61),
(38, 'RU-DA', 'Республика Дагестан', 5),
(39, 'RU-IN', 'Республика Ингушетия', 6),
(40, 'RU-KB', 'Кабардино-Балканская', 7),
(41, 'RU-KC', 'Карачаево-Черкеская республика', 9),
(42, 'RU-SE', 'Республика Северная Осетия - Алания', 15),
(43, 'RU-STA', 'Ставрапольский край', 26),
(44, 'RU-CE', 'Чеченская Республика', 95),
(45, 'RU-BA', 'Республика Башкортостан', 2),
(46, 'RU-KIR', 'Кировская область', 43),
(47, 'RU-ME', 'Республика Марий Эл', 12),
(48, 'RU-MO', 'Республика Мордови', 13),
(49, 'RU-NIZ', 'Нижегородская область', 52),
(50, 'RU-ORE', 'Оренбургская область', 56),
(51, 'RU-PNZ', 'Пензенская область', 58),
(52, 'RU-PER', 'Пермский край', 59),
(53, 'RU-SAM', 'Самарская область', 63),
(54, 'RU-SAR', 'Саратовская область', 64),
(55, 'RU-TA', 'Республика Татарстан', 16),
(56, 'RU-UD', 'Удмуртская республика', 18),
(57, 'RU-ULY', 'Ульяновская область', 73),
(58, 'RU-CU', 'Чувашская республика', 21),
(59, 'RU-KGN', 'Курганская область', 45),
(60, 'RU-SVE', 'Свердловская область', 66),
(61, 'RU-TYU', 'Тюменская область', 72),
(62, 'RU-KHM', 'Ханты Мансийский АО', 86),
(63, 'RU-CHE', 'Челябинская область', 74),
(64, 'RU-YAN', 'Ямало-Ненецкий АО', 89),
(65, 'RU-ALT', 'Алтайский край', 22),
(66, 'RU-AL', 'Республика Алтай', 4),
(67, 'RU-BU', 'Республика Бурятия', 3),
(68, 'RU-ZAB', 'Забайкальский край', 75),
(69, 'RU-IRK', 'Иркутская область', 38),
(70, 'RU-KEM', 'Кемеровская область', 42),
(71, 'RU-KYA', 'Красноярский край', 24),
(72, 'RU-NVS', 'Новосибирская область', 54),
(73, 'RU-OMS', 'Омская область', 55),
(74, 'RU-TOM', 'Томская область', 70),
(75, 'RU-TY', 'Республика Тыва', 17),
(76, 'RU-KK', 'Республика Хакасия', 19),
(77, 'RU-AMU', 'Амурская область', 28),
(78, 'RU-YEV', 'Еврейская автономная республика', 79),
(79, 'RU-KAM', 'Камчатский край', 41),
(80, 'RU-MAG', 'Магаданская область', 49),
(81, 'RU-PRI', 'Приморский край', 25),
(82, 'RU-SA', 'Республика Саха', 14),
(83, 'RU-SAK', 'Сахалинская область', 65),
(84, 'RU-KHA', 'Хабаровский край', 27),
(85, 'RU-VLA', 'Владимирская область', 33),
(86, 'RU-VOR', 'Воронежская область', 36),
(87, 'RU-IVA', 'Ивановская область', 37),
(88, 'RU-KLU', 'Калужская область', 40),
(89, 'RU-KOS', 'Костромская область', 44),
(90, 'RU-KRS', 'Курская область', 46),
(91, 'RU-LIP', 'Липецкая область', 48),
(93, 'RU-MOW', 'Москва', 77),
(94, 'RU-ORL', 'Орловская область', 57),
(95, 'RU-RYA', 'Рязанская область', 69),
(96, 'RU-SMO', 'Смоленская область', 67),
(97, 'RU-TAM', 'Тамбовская область', 68),
(98, 'RU-TVE', 'Тверская область', 69),
(99, 'RU-TUL', 'Тульская область', 71),
(100, 'RU-YAR', 'Ярославская область', 76),
(101, 'RU-ARK', 'Архангельская область', 29),
(102, 'RU-VLG', 'Вологодская область', 35),
(104, 'RU-KR', 'Республика Карелия', 10),
(105, 'RU-KO', 'Республика Коми', 11),
(108, 'RU-NEN', 'Ненецкий АО', 83),
(112, 'RU-AD', 'Республика Адыгея', 1),
(115, 'RU-KL', 'Ресупублика Калмыкия', 8),
(117, 'RU-SEV', 'Севастополь', 92),
(118, 'RU-KRY', 'Республика Крым', 82),
(128, 'RU-KIR', 'Кировская область', 43),
(129, 'RU-ME', 'Республика Марий Эл', 12),
(130, 'RU-MO', 'Республика Мордови', 13),
(131, 'RU-NIZ', 'Нижегородская область', 52),
(132, 'RU-ORE', 'Оренбургская область', 56),
(133, 'RU-PNZ', 'Пензенская область', 58),
(134, 'RU-PER', 'Пермский край', 59),
(135, 'RU-SAM', 'Самарская область', 63),
(136, 'RU-SAR', 'Саратовская область', 64),
(137, 'RU-TA', 'Республика Татарстан', 16),
(138, 'RU-UD', 'Удмуртская республика', 18),
(139, 'RU-ULY', 'Ульяновская область', 73),
(140, 'RU-CU', 'Чувашская республика', 21),
(141, 'RU-KGN', 'Курганская область', 45),
(142, 'RU-SVE', 'Свердловская область', 66),
(143, 'RU-TYU', 'Тюменская область', 72),
(144, 'RU-KHM', 'Ханты Мансийский АО', 86),
(145, 'RU-CHE', 'Челябинская область', 74),
(146, 'RU-YAN', 'Ямало-Ненецкий АО', 89),
(147, 'RU-ALT', 'Алтайский край', 22),
(148, 'RU-AL', 'Республика Алтай', 4),
(149, 'RU-BU', 'Республика Бурятия', 3),
(150, 'RU-ZAB', 'Забайкальский край', 75),
(151, 'RU-IRK', 'Иркутская область', 38),
(152, 'RU-KEM', 'Кемеровская область', 42),
(153, 'RU-KYA', 'Красноярский край', 24),
(154, 'RU-NVS', 'Новосибирская область', 54),
(155, 'RU-OMS', 'Омская область', 55),
(156, 'RU-TOM', 'Томская область', 70),
(157, 'RU-TY', 'Республика Тыва', 17),
(158, 'RU-KK', 'Республика Хакасия', 19),
(159, 'RU-AMU', 'Амурская область', 28),
(160, 'RU-YEV', 'Еврейская автономная республика', 79),
(161, 'RU-KAM', 'Камчатский край', 41),
(162, 'RU-MAG', 'Магаданская область', 49),
(163, 'RU-PRI', 'Приморский край', 25),
(164, 'RU-SA', 'Республика Саха', 14),
(165, 'RU-SAK', 'Сахалинская область', 65),
(166, 'RU-KHA', 'Хабаровский край', 27),
(167, 'RU-CHU', 'Чукотский автонмный округ', 87),
(168, 'RU-ALL', 'Вся Россия', 0);

--
-- Индексы сохранённых таблиц
--

--
-- Индексы таблицы `city`
--
ALTER TABLE `city`
  ADD PRIMARY KEY (`city_id`);

--
-- Индексы таблицы `neonataldeath`
--
ALTER TABLE `neonataldeath`
  ADD PRIMARY KEY (`id_neonataldeath`);

--
-- Индексы таблицы `pc`
--
ALTER TABLE `pc`
  ADD PRIMARY KEY (`pc_id`);

--
-- Индексы таблицы `regions`
--
ALTER TABLE `regions`
  ADD PRIMARY KEY (`region_id`);

--
-- AUTO_INCREMENT для сохранённых таблиц
--

--
-- AUTO_INCREMENT для таблицы `city`
--
ALTER TABLE `city`
  MODIFY `city_id` int(11) NOT NULL AUTO_INCREMENT, AUTO_INCREMENT=21;

--
-- AUTO_INCREMENT для таблицы `neonataldeath`
--
ALTER TABLE `neonataldeath`
  MODIFY `id_neonataldeath` int(11) NOT NULL AUTO_INCREMENT, AUTO_INCREMENT=198;

--
-- AUTO_INCREMENT для таблицы `pc`
--
ALTER TABLE `pc`
  MODIFY `pc_id` int(11) NOT NULL AUTO_INCREMENT, AUTO_INCREMENT=21;

--
-- AUTO_INCREMENT для таблицы `regions`
--
ALTER TABLE `regions`
  MODIFY `region_id` int(11) NOT NULL AUTO_INCREMENT, AUTO_INCREMENT=169;
COMMIT;

/*!40101 SET CHARACTER_SET_CLIENT=@OLD_CHARACTER_SET_CLIENT */;
/*!40101 SET CHARACTER_SET_RESULTS=@OLD_CHARACTER_SET_RESULTS */;
/*!40101 SET COLLATION_CONNECTION=@OLD_COLLATION_CONNECTION */;
